slug,tier,portal_url,source
3m,F500,https://developer.3m.com/s/,apis.yml_strong
a-mark-precious-metals,F500,,no_portal
abbott-laboratories,F500,https://www.abbott.com/en-us/partners.html,apis.yml_strong
abbvie,F100,,no_portal
abercrombie-and-fitch,F1000,https://corporate.abercrombie.com/,apis.yml_strong
abm-industries,F500,https://connect.abm.com/,apis.yml_strong
academy-sports-and-outdoors,F1000,,no_portal
acadia-healthcare,F1000,https://developer.acadiahealthcare.com/docs,apis.yml_medium
acuity-brands,F1000,https://api-docs.acuitybrands.com/,apis.yml_strong
adams-resources-and-energy,F1000,https://www.adamsresources.com,apis.yml_strong
adapthealth,F1000,,no_portal
adobe,F500,https://developer.adobe.com/,apis.yml_strong
adt,F1000,https://www.adt.com/smart-home,apis.yml_strong
advance-auto-parts,F500,https://www.advanceautoparts.com/i/help,apis.yml_strong
advanced-drainage-systems,F1000,,no_portal
advanced-micro-devices,F500,https://developer.amd.com,apis.yml_strong
advantage-solutions,F1000,,no_portal
aecom,F500,https://www.aecom.com,apis.yml_strong
aes,F500,https://www.aes.com/,apis.yml_strong
aflac,F500,https://docs.enterprise-connect.aflac.com,apis.yml_strong
agco,F500,https://get.agcoconnect.com/,apis.yml_strong
agilent-technologies,F1000,https://help.ilab.agilent.com/ilab-api,web_verified
agilon-health,F1000,,no_portal
agnc-investment,F1000,,no_portal
aig,F100,https://myaig.aig.com,apis.yml_strong
air-lease,F1000,,no_portal
air-products-and-chemicals,F500,https://investors.airproducts.com/,apis.yml_strong
airbnb,F500,https://developer.withairbnb.com/,apis.yml_strong
akamai-technologies,F1000,https://developer.akamai.com/docs,apis.yml_medium
alaska-air,F500,https://developers.alaskaair.com/,apis.yml_strong
albemarle,F500,https://www.albemarle.com/us/en/what-we-offer,apis.yml_strong
albertsons,F100,https://portal-prod.apim.azwestus.stratus.albertsons.com/,apis.yml_strong
alcoa,F500,https://www.alcoa.com/global/en/what-we-do/products-and-solutions,apis.yml_strong
alexandria-real-estate-equities,F1000,,no_portal
alight,F1000,https://developer.alight.com,web_verified
align-technology,F1000,,no_portal
allegiant-travel,F1000,,no_portal
alliance-resource-partners,F1000,https://developer.arlp.com/docs,apis.yml_medium
alliant-energy,F1000,,no_portal
allison-transmission-holdings,F1000,,no_portal
allstate,F100,https://developer.allstate.com,web_verified
ally-financial,F500,https://www.ally.com/api/invest/documentation/,web_verified
alpha-metallurgical-resources,F1000,,no_portal
alphabet,F100,https://developers.google.com,web_verified
altice-usa,F500,,no_portal
altria,F500,https://developer.insightsc3m.com,web_verified
amazon,F100,https://developer.amazon.com/,apis.yml_strong
amc-entertainment-holdings,F1000,https://developers.amctheatres.com,apis.yml_strong
amc-networks,F1000,https://affiliate.amcnetworks.com/,apis.yml_strong
amerco,F1000,https://www.uhaul.com/Dealer/,apis.yml_strong
ameren,F500,https://www.ameren.com/partners/account-and-data/share-my-usage,apis.yml_strong
american-airlines,F100,https://developer.aa.com/,apis.yml_strong
american-axle-and-manufacturing,F1000,https://www.aam.com/suppliers,apis.yml_strong
american-eagle-outfitters,F1000,https://www.americaneagle.com,apis.yml_strong
american-electric-power,F500,https://www.aep.com/about,apis.yml_strong
american-equity-investment-life-holding,F1000,https://register.american-equity.com,apis.yml_strong
american-express,F100,https://developer.americanexpress.com/,apis.yml_strong
american-family-insurance,F500,https://b2b.amfam.com,apis.yml_strong
american-financial-group,F500,https://www.greatamericaninsurancegroup.com/agents-brokers/great-american-carrier-services,web_verified
american-tower,F500,,no_portal
american-water-works,F1000,https://www.amwater.com/mywater,apis.yml_strong
americold-realty-trust,F1000,https://www.i-3pl.com/login,apis.yml_strong
ameriprise-financial,F500,https://www.ameriprise.com,apis.yml_strong
ametek,F1000,https://www.ametek.com,apis.yml_strong
amgen,F500,https://www.amgen.com,apis.yml_strong
amica-mutual-insurance,F1000,https://www.amica.com,apis.yml_strong
amkor-technology,F1000,https://www.amkor.com,apis.yml_strong
amn-healthcare-services,F1000,https://api-developer.amnhealthcare.io,web_verified
amphenol,F500,https://www.amphenol.com,apis.yml_strong
analog-devices,F500,https://www.analog.com,apis.yml_strong
andersons,F500,https://www.andersons.com,apis.yml_strong
antero-resources,F1000,https://www.anteroresources.com,apis.yml_strong
ao-smith,F1000,https://www.aosmith.com,apis.yml_strong
apa,F500,,no_portal
api-group,F1000,,no_portal
apollo-global-management,F500,,no_portal
apple,F100,https://developer.apple.com,apis.yml_strong
applied-industrial-technologies,F1000,,no_portal
applied-materials,F500,,no_portal
applovin,F1000,https://developers.applovin.com,apis.yml_strong
aptargroup,F1000,,no_portal
aramark,F500,https://marko-developers.aramark.net/,apis.yml_strong
arcbest,F1000,https://www.arcbest.com/,apis.yml_strong
arch-resources,F1000,,no_portal
archer-daniels-midland,F100,https://www.adm.com/en-us/,apis.yml_strong
ares-management,F1000,https://developer.aresmgmt.com/docs,apis.yml_medium
arista-networks,F1000,https://apihelp.wifi.arista.com,web_verified
arko,F500,,no_portal
arrow-electronics,F500,https://developers.arrow.com/,apis.yml_strong
arthur-j-gallagher,F500,https://www.ajg.com/,apis.yml_strong
asbury-automotive,F500,https://www.asburyauto.com/,apis.yml_strong
asgn,F1000,,no_portal
assurant,F500,https://www.assurant.com/,apis.yml_strong
at-and-t,F100,https://developer.att.com/s/,apis.yml_strong
ati,F1000,,no_portal
atkore,F1000,,no_portal
atlassian,F1000,https://developer.atlassian.com/cloud/,apis.yml_strong
atmos-energy,F1000,https://www.atmosenergy.com/account-center/,apis.yml_strong
auto-owners-insurance,F500,https://www.auto-owners.com/policyholders,apis.yml_strong
autodesk,F1000,https://aps.autodesk.com/,apis.yml_strong
autoliv,F500,https://autoliv.biz,apis.yml_strong
automatic-data-processing,F500,https://developers.adp.com,apis.yml_strong
autonation,F500,https://autonation.developer.azure-api.net,web_verified
autozone,F500,https://www.autozonepro.com,apis.yml_strong
avalonbay-communities,F1000,https://developer.portal.avalonbay.com,web_verified
avantor,F1000,,no_portal
avery-dennison,F500,https://developer.averydennison.com/,apis.yml_strong
avis-budget,F500,https://developer.avisbudgetgroup.com/,apis.yml_strong
avnet,F500,https://developer.avnet.com/,apis.yml_strong
baker-hughes,F500,https://www.bakerhughes.com/company/digital,apis.yml_strong
ball,F500,,no_portal
bank-of-america,F100,https://developer.bankofamerica.com/,apis.yml_medium
bank-of-new-york-mellon,F500,https://developer.bny.com/app/,apis.yml_medium
baxter-international,F500,,no_portal
beacon-roofing-supply,F500,https://www.beaconproplus.com/,apis.yml_strong
becton-dickinson,F500,,no_portal
belden,F1000,,no_portal
benchmark-electronics,F1000,,no_portal
berkshire-hathaway,F100,https://www.bnsf.com/ship-with-bnsf/support-services/customer-api/,web_verified
berry-global,F500,https://www.berryglobal.com/en/products,apis.yml_strong
best-buy,F100,https://developer.bestbuy.com,apis.yml_strong
big-lots,F1000,,no_portal
bio-rad-laboratories,F1000,https://www.bio-rad.com,apis.yml_strong
biogen,F500,https://developer.biogen.com/,apis.yml_strong
bjs-wholesale-club,F500,https://developer.bjshomedelivery.com,web_verified
blackrock,F500,https://www.blackrock.com/aladdin/products/aladdin-developer,web_verified
blackstone,F500,,no_portal
block,F500,https://developer.squareup.com/docs,apis.yml_medium
bloomin-brands,F1000,,no_portal
bluelinx-holdings,F1000,,no_portal
boeing,F100,https://developer.boeing.com/,apis.yml_strong
boise-cascade,F1000,,no_portal
bok-financial,F1000,,no_portal
booking-holdings,F500,https://developers.booking.com,web_verified
booz-allen-hamilton,F500,https://boozallen.github.io/opendataplatform/,apis.yml_strong
borgwarner,F500,,no_portal
boston-properties,F1000,,no_portal
boston-scientific,F500,https://www.bostonscientific.com/en-US/hcp.html,apis.yml_strong
boyd-gaming,F1000,,no_portal
bread,F1000,https://developers.breadfinancial.com/,apis.yml_medium
brighthouse-financial,F1000,,no_portal
brightspring-health-services,F500,https://reach.brightspringhealth.com,apis.yml_strong
brightview-holdings,F1000,,no_portal
brinker-international,F1000,https://developer.brinker.com,web_verified
brinks,F1000,https://customerportal.brinksinc.com,apis.yml_strong
bristol-myers-squibb,F100,https://www.bms.com/healthcare-providers/medical-information.html,apis.yml_strong
broadcom,F500,https://developer.broadcom.com/xapis/vsphere-automation-api/latest/,apis.yml_medium
broadridge,F1000,https://www.broadridge.com/client-access/,apis.yml_strong
brookdale-senior-living,F1000,,no_portal
brown-and-brown,F1000,,no_portal
brown-forman,F1000,,no_portal
bruker,F1000,,no_portal
brunswick,F1000,,no_portal
builders-firstsource,F500,,no_portal
burlington-stores,F500,,no_portal
bwx-technologies,F1000,,no_portal
cabot,F1000,,no_portal
caci-international,F1000,,no_portal
cadence,F1000,,no_portal
caesars-entertainment,F500,https://developer.caesars.com/,web_verified
cal-maine-foods,F1000,,no_portal
caleres,F1000,,no_portal
california-resources,F1000,,no_portal
calumet,F1000,,no_portal
campbell-soup,F500,https://developer.campbellskitchen.com/,apis.yml_strong
camping-world-holdings,F1000,,no_portal
cano-health,F1000,,no_portal
capital-one,F100,https://developer.capitalone.com/documentation/getting-started,apis.yml_medium
cardinal-health,F100,https://developer.np.cardinalhealth.com/,web_verified
carlisle,F1000,https://customersuccesslogin.com,apis.yml_strong
carlyle-group,F1000,https://directlending.carlyle.com,apis.yml_strong
carmax,F500,,no_portal
carpenter-technology,F1000,,no_portal
carrier-global,F500,https://api.tta.lynxfleet.carrier.com/,apis.yml_strong
carters,F1000,,no_portal
carvana,F500,https://api-developer.carvana.com/,apis.yml_strong
caseys-general-stores,F500,https://developer.esl.caseys.io/,web_verified
catalent,F1000,https://developer.catalent.com/docs,apis.yml_medium
caterpillar,F100,https://digital.cat.com/,apis.yml_strong
cboe,F1000,https://datashop.cboe.com/,web_verified
cbre,F500,https://developer.cbre.com/,apis.yml_strong
cbs,F1000,,no_portal
cdw,F500,https://portal.apiconnect.cdw.com/,web_verified
celanese,F500,,no_portal
cencora,F100,,no_portal
centene,F100,https://partners.centene.com/,apis.yml_strong
centerpoint-energy,F500,https://energydataportal.centerpointenergy.com/,apis.yml_strong
central-garden-and-pet,F1000,https://developer.central.com/docs,apis.yml_medium
century-communities,F1000,https://developer.centurycommunities.com/docs,apis.yml_medium
cf-industries-holdings,F1000,,no_portal
ch-robinson-worldwide,F500,https://developer.chrobinson.com/,apis.yml_strong
championx,F1000,https://www.championx.com/customer-portals,apis.yml_strong
charles-river-laboratories-international,F1000,,no_portal
charles-schwab,F500,https://developer.schwab.com/,apis.yml_strong
chart-industries,F1000,,no_portal
charter-communications,F100,https://enterprise.spectrum.com/,web_verified
cheesecake-factory,F1000,,no_portal
chefs-warehouse,F1000,,no_portal
chemours,F1000,,no_portal
cheniere-energy,F500,https://www.cheniere.com/about/resources/suppliers-and-contractors,apis.yml_strong
chesapeake-energy,F500,https://secure.pdsenergy.com/chesapeake/login.asp,apis.yml_strong
chevron,F100,,no_portal
chewy,F500,https://developer.chewy.promoteiq.com/,web_verified
chipotle-mexican-grill,F500,,no_portal
chs,F100,,no_portal
church-and-dwight,F1000,https://churchdwightinnovation.com,apis.yml_strong
ciena,F1000,https://developer.ciena.com/,apis.yml_strong
cigna,F100,https://developer.cigna.com/,apis.yml_strong
cincinnati-financial,F500,https://onlineservice.cinfin.com/b2c/Account_Self_Service/Login.aspx,apis.yml_strong
cinemark-holdings,F1000,,no_portal
cintas,F500,https://www.mycintas.com,apis.yml_strong
cisco-systems,F100,https://developer.cisco.com/,apis.yml_strong
citigroup,F100,https://developer.citi.com/,apis.yml_strong
citizens-financial-group,F500,https://developer.citizensbank.com/,apis.yml_strong
civitas-resources,F1000,,no_portal
clean-harbors,F1000,https://clhsaas.cleanharbors.com/,apis.yml_strong
clear-channel-outdoor-hldgs,F1000,https://developer.cco.io,apis.yml_strong
cleveland-cliffs,F500,,no_portal
clorox,F500,,no_portal
cme-group,F1000,https://www.cmegroup.com/market-data/market-data-api.html,apis.yml_strong
cms-energy,F500,https://utilityapi.com/,apis.yml_strong
cno-financial-group,F1000,,no_portal
cnx-resources,F1000,,no_portal
coca-cola,F100,https://www.mulesoft.com/webinars/api/how-coca-cola-accelerates,apis.yml_medium
cognizant-technology,F500,,no_portal
coherent,F1000,,no_portal
coinbase,F1000,https://www.coinbase.com/developer-platform,apis.yml_strong
colfax,F1000,,no_portal
colgate-palmolive,F500,,no_portal
columbia-sportswear,F1000,https://columbia.portal.azure-api.net/,apis.yml_strong
comcast,F100,https://developer.comcast.com/,apis.yml_strong
comerica,F1000,,no_portal
comfort-systems-usa,F1000,https://developer.comfortsystemsusa.com/docs,apis.yml_medium
commercial-metals,F500,https://www.cmc.com/en-us/mycmc,apis.yml_strong
commscope-holding,F1000,https://docs.ruckus.cloud/api,apis.yml_medium
community-health-systems,F500,https://www.chs.net/patients-visitors/,apis.yml_strong
compass,F1000,,no_portal
conagra-brands,F500,,no_portal
conagra-foods,F1000,,no_portal
concentrix,F500,,no_portal
conduent,F1000,https://developer.conduent.com/docs,apis.yml_medium
conocophillips,F100,https://vendors.conocophillips.com/,apis.yml_strong
consol-energy,F1000,,no_portal
consolidated-edison,F500,https://www.coned.com/en/accounts-billing,apis.yml_strong
constellation-brands,F500,https://dev.cbrands.com/docs/,apis.yml_strong
constellation-energy,F500,https://my-account.constellationconnect.com,apis.yml_strong
continental-resources,F500,,no_portal
cooper,F1000,,no_portal
cooper-standard-holdings,F1000,,no_portal
copart,F1000,,no_portal
core-and-main,F1000,,no_portal
cornerstone-building-brands,F1000,https://developer.cornerstonebuildingbrands.com/docs,apis.yml_medium
corning,F500,,no_portal
corpay,F1000,https://developer.crossborder.corpay.com/,web_verified
corteva,F500,,no_portal
costco,F100,https://www.costco.com/supplier-portal.html,apis.yml_strong
coterra-energy,F1000,https://developer.coterra.com/docs,apis.yml_medium
coty,F1000,https://supplier.coty.com/,apis.yml_strong
country-financial,F1000,,no_portal
coupang,F500,https://developers.coupangcorp.com/,apis.yml_strong
cracker-barrel-old-country-store,F1000,,no_portal
crocs,F1000,https://apim-ext-developer.dev.crocs.com/signin,web_verified
crossamerica-partners,F1000,https://developer.crossamericapartners.com/docs,apis.yml_medium
crowdstrike,F1000,https://developer.crowdstrike.com/docs,apis.yml_medium
crown,F1000,,no_portal
crown-holdings,F500,,no_portal
csx,F500,https://shipcsx.com,apis.yml_strong
cullen-frost-bankers,F1000,https://developer.cullenfrост.com/docs,apis.yml_medium
cummins,F500,https://developer.cummins.com/,web_verified
cuna-mutual-group,F1000,,no_portal
curtiss-wright,F1000,,no_portal
cvs-health,F100,https://developer.cvshealth.com,web_verified
dana,F500,https://developer.danaaftermarket.com/,apis.yml_strong
danaher,F500,,no_portal
darden-restaurants,F500,,no_portal
darling-ingredients,F1000,,no_portal
davita,F500,https://www.mydavita.com,apis.yml_strong
deckers-outdoor,F1000,,no_portal
deere,F100,https://developer.deere.com/,apis.yml_strong
delek-us-holdings,F500,,no_portal
dell-technologies,F100,https://developer.dell.com/,apis.yml_strong
delta-air-lines,F100,https://apiportal.delta.com,apis.yml_strong
dentsply-sirona,F1000,https://service.dscore.com/,apis.yml_strong
designer-brands,F1000,,no_portal
devon-energy,F500,,no_portal
dexcom,F1000,https://developer.dexcom.com/,apis.yml_strong
diamondback-energy,F500,,no_portal
dicks-sporting-goods,F500,,no_portal
diebold,F1000,https://vrp-api.dieboldnixdorf.com/vrp/docs/vynamic-retail-platform-vrp,web_verified
digital-realty-trust,F1000,https://developer.digitalrealty.com,web_verified
dillards,F1000,,no_portal
discover,F500,https://partner.discoverglobalnetwork.com/partner-resources,apis.yml_medium
docusign,F1000,https://developers.docusign.com/,apis.yml_strong
dollar-general,F500,https://www.dgpartners.com,apis.yml_strong
dollar-tree,F500,https://cvp.dollartree.com,apis.yml_strong
dominion-energy,F500,,no_portal
dominos-pizza,F1000,https://developer.dominos.com/docs,apis.yml_medium
domtar,F1000,,no_portal
donaldson,F1000,,no_portal
doordash,F500,https://developer.doordash.com/en-US/docs/drive/overview/about_drive/,apis.yml_medium
dover,F500,,no_portal
dow,F100,,no_portal
dr-horton,F500,,no_portal
draftkings,F1000,https://marketplace.draftkings.com/api/activity/,web_verified
dream-finders-homes,F1000,,no_portal
dropbox,F1000,https://www.dropbox.com/developers,apis.yml_strong
dte-energy,F500,,no_portal
duke-energy,F500,,no_portal
dupont,F500,,no_portal
dxc-technology,F500,https://developer.dxc.com/,apis.yml_strong
dycom-industries,F1000,https://developer.dycomind.com/docs,apis.yml_medium
east-west-bancorp,F1000,https://developer.eastwestbank.com/docs,apis.yml_medium
eastman-chemical,F500,https://customer.eastman.com/,apis.yml_strong
ebay,F500,https://developer.ebay.com/,apis.yml_strong
echostar,F500,,no_portal
ecolab,F500,,no_portal
edison-international,F500,,no_portal
edward-jones,F500,https://developer.edwardjones.com/,web_verified
edwards-lifesciences,F1000,,no_portal
elanco-animal-health,F1000,,no_portal
electronic-arts,F500,,no_portal
elevance-health,F100,https://www.anthem.com/developers,apis.yml_strong
eli-lilly,F500,,no_portal
emcor,F500,,no_portal
emerson-electric,F500,https://developer.emerson.com/,web_verified
encompass-health,F1000,https://developer.encompasshealth.com/docs,apis.yml_medium
encore,F1000,,no_portal
endeavor-group-holdings,F1000,,no_portal
energizer-holdings,F1000,https://developer.energizer.com/docs,apis.yml_medium
energy-transfer,F100,https://dev.messenger.energytransfer.com/,apis.yml_medium
enersys,F1000,,no_portal
enlink-midstream,F1000,,no_portal
ensign-group,F1000,https://developer.ensigngroup.net/docs,apis.yml_medium
entegris,F1000,https://supplier.entegris.com/,apis.yml_strong
entergy,F500,https://myaccount.entergy.com/,apis.yml_strong
enterprise-products-partners,F100,,no_portal
envista-holdings,F1000,,no_portal
eog-resources,F500,,no_portal
epam-systems,F1000,https://developer.epam.com/docs,apis.yml_medium
eqt,F1000,https://customers.equitransmidstream.com/,apis.yml_strong
equifax,F1000,https://developer.equifax.com/,apis.yml_medium
equinix,F500,https://developer.equinix.com/,apis.yml_medium
equitable-holdings,F500,,no_portal
equity-residential,F1000,,no_portal
erie-insurance,F500,,no_portal
estee-lauder,F500,,no_portal
etsy,F1000,https://developers.etsy.com/documentation,web_verified
euronet-worldwide,F1000,,no_portal
evergy,F1000,,no_portal
eversource-energy,F500,,no_portal
exact-sciences,F1000,,no_portal
exelon,F500,https://developer-dev.exeloncorp.com/gateway,web_verified
exp-world-holdings,F1000,,no_portal
expedia-group,F500,https://developers.expediagroup.com/docs/,apis.yml_strong
expeditors-international-of-washington,F500,https://help.expeditors.com/globalhelp/shipment_api/home.htm,web_verified
extra-space-storage,F1000,,no_portal
exxon-mobil,F100,https://developer.exxonmobil.com,web_verified
f5,F1000,https://clouddocs.f5.com/,apis.yml_strong
fannie-mae,F100,https://developer.fanniemae.com/,apis.yml_strong
farmers-insurance-exchange,F500,https://developer.farmers.com,web_verified
fastenal,F500,,no_portal
federated-mutual-insurance,F1000,,no_portal
fedex,F100,https://developer.fedex.com/api/en-us/home.html,apis.yml_medium
fidelity-national-financial,F500,,no_portal
fidelity-national-information,F500,https://codeconnect.fisglobal.com/,apis.yml_strong
fifth-third-bancorp,F500,https://developers.newline53.com,web_verified
first-american-financial,F1000,https://developer.firstam.com,apis.yml_strong
first-citizens-bancshares,F500,,no_portal
first-horizon,F1000,https://developers-test.firsthorizon.com,web_verified
first-national-of-nebraska,F1000,,no_portal
first-solar,F1000,https://portal.firstsolar.com/developer,web_verified
firstcash-holdings,F1000,,no_portal
firstenergy,F500,,no_portal
fiserv,F500,https://developer.fiserv.com/,apis.yml_medium
five-below,F1000,,no_portal
floor-and-decor-holdings,F1000,,no_portal
flowers-foods,F1000,,no_portal
flowserve,F1000,,no_portal
fluor,F500,,no_portal
fm,F500,,no_portal
fmc,F1000,,no_portal
foot-locker,F500,,no_portal
ford-motor,F100,https://developer.ford.com/,apis.yml_medium
fortinet,F1000,https://developer.fortinet.com/docs,apis.yml_medium
fortive,F1000,https://www.fortive.com/companies,apis.yml_strong
fortune-brands-innovations,F1000,https://developer.fbin.com/docs,apis.yml_medium
fox,F500,,no_portal
franklin-resources,F500,https://developer.franklintempleton.com,web_verified
freddie-mac,F100,https://developer.freddiemac.com/public/,apis.yml_strong
freeport-mcmoran,F500,,no_portal
frontier-communications,F1000,,no_portal
frontier-group-holdings,F1000,https://developer.flyfrontier.com,web_verified
fti-consulting,F1000,https://developer.fticonsulting.com/docs,apis.yml_medium
g-iii-apparel-group,F1000,,no_portal
gamestop,F1000,,no_portal
gannett,F1000,,no_portal
gap,F500,,no_portal
garrett-motion,F1000,,no_portal
gartner,F1000,,no_portal
ge-healthcare-technologies,F500,https://mydata.gehealthcare.com,web_verified
gen-digital,F1000,,no_portal
generac-holdings,F1000,https://www.generacgs.com/partner-ecosystem/sdk-program/,web_verified
general-dynamics,F500,,no_portal
general-electric,F100,,no_portal
general-mills,F500,,no_portal
general-motors,F100,https://developer.gm.com/,apis.yml_medium
genesis-energy,F1000,,no_portal
genuine-parts,F500,,no_portal
genworth-financial,F500,,no_portal
gilead-sciences,F500,,no_portal
global-partners,F500,https://www.globalp.com/globalconnect/,apis.yml_strong
global-payments,F500,https://developer.globalpayments.com/,apis.yml_strong
globe-life,F1000,https://developer.globelifeinsurance.com/docs,apis.yml_medium
gms,F1000,,no_portal
godaddy,F1000,https://developer.godaddy.com/doc,apis.yml_medium
goldman-sachs-group,F100,https://developer.gs.com,web_verified
goodyear-tire-and-rubber,F500,https://developer.goodyearsightline.com/,apis.yml_strong
graham-holdings,F1000,,no_portal
grainger,F500,,no_portal
granite-construction,F1000,,no_portal
graphic-packaging,F500,,no_portal
gray-television,F1000,,no_portal
graybar-electric,F500,https://apiportal-snd.graybar.com,web_verified
green-plains,F1000,,no_portal
greenbrier-cos,F1000,,no_portal
greif,F1000,,no_portal
griffon,F1000,,no_portal
grocery-outlet-holding,F1000,,no_portal
group-1-automotive,F500,,no_portal
guardian-life-ins-co-of-america,F500,https://developer.guardianlife.com,web_verified
guess,F1000,,no_portal
gxo-logistics,F500,,no_portal
h-b-fuller,F1000,https://developer.hbfuller.com/docs,apis.yml_medium
halliburton,F500,,no_portal
handr-block,F1000,https://apiportal.hrblock.com,web_verified
hanesbrands,F1000,,no_portal
hanover-insurance-group,F1000,,no_portal
harley-davidson,F1000,,no_portal
hartford-financial-services-group,F500,https://developer.thehartford.com/,web_verified
hasbro,F1000,,no_portal
hawaiian-electric-industries,F1000,,no_portal
hawaiian-holdings,F1000,https://haconnect.hawaiianairlines.com/,web_verified
hca-healthcare,F100,https://myhealthone.com/,apis.yml_strong
heico,F1000,https://developer.heico.com/docs,apis.yml_medium
helmerich-and-payne,F1000,,no_portal
henry-schein,F500,https://ddp.dentrix.com/,web_verified
herc-holdings,F1000,,no_portal
hershey,F500,,no_portal
hertz,F500,,no_portal
hess,F500,,no_portal
hewlett-packard-enterprise,F500,https://developer.hpe.com/,web_verified
hf-sinclair,F500,,no_portal
hillenbrand,F1000,,no_portal
hilton,F500,https://developer.hilton.com/,apis.yml_strong
hologic,F1000,https://dev.hologic.io/,web_verified
home-depot,F100,https://developer.homedepot.com/,apis.yml_medium
honeywell,F500,https://developer.honeywell.com/,apis.yml_strong
hormel-foods,F500,,no_portal
host-hotels-and-resorts,F1000,,no_portal
hovnanian-enterprises,F1000,,no_portal
howmet-aerospace,F1000,,no_portal
hp,F100,https://developers.hp.com/,apis.yml_strong
hub-group,F1000,https://www.hub-group.com,apis.yml_strong
hubbell,F1000,https://www.hubbellconnect.com,apis.yml_strong
humana,F100,https://developers.humana.com/,apis.yml_strong
huntington-bancshares,F500,https://hnbdevportal.huntington.com/,apis.yml_strong
huntington-ingalls-industries,F500,,no_portal
huntsman,F1000,,no_portal
hyatt-hotels,F1000,,no_portal
hyster-yale-materials-handling,F1000,,no_portal
iac-interactivecorp,F1000,,no_portal
ibm,F100,https://developer.ibm.com,apis.yml_strong
icahn-enterprises,F500,,no_portal
idex,F1000,,no_portal
idexx-laboratories,F1000,https://developer.vetconnectplus.com/,web_verified
iheartmedia,F1000,,no_portal
illinois-tool-works,F500,,no_portal
illumina,F1000,https://developer.illumina.com/,web_verified
incyte,F1000,,no_portal
ingersoll-rand,F1000,,no_portal
ingles-markets,F1000,,no_portal
ingredion,F500,,no_portal
insight-enterprises,F500,,no_portal
insperity,F1000,https://developer.insperity.com/,web_verified
instacart,F1000,https://docs.instacart.com/,web_verified
installed-building-products,F1000,,no_portal
intel,F100,https://www.intel.com/content/www/us/en/developer/tools/oneapi/overview.html,apis.yml_medium
interactive-brokers,F500,https://www.interactivebrokers.com/campus/ibkr-api-page/ibkr-api-home/,apis.yml_strong
intercontinental-exchange,F500,https://developer.theice.com/hc/en-us,apis.yml_strong
international-flavors-and-fragrances,F500,,no_portal
international-paper,F500,,no_portal
interpublic-group,F500,,no_portal
intuit,F500,https://developer.intuit.com,apis.yml_strong
intuitive-surgical,F500,,no_portal
iqvia,F500,https://developer.iqvia.com/,web_verified
iron-mountain,F1000,https://www.ironmountain.com/support/how-it-works/resources/for-developers/authentication,web_verified
itt,F1000,,no_portal
jabil,F500,https://connect.jabil.com/,apis.yml_strong
jackson-financial,F1000,,no_portal
jacobs-solutions,F500,,no_portal
jb-hunt-transport-services,F500,https://apiportal.jbhunt.com/docs/services,apis.yml_strong
jefferies-financial-group,F500,https://content.jefferies.com,apis.yml_strong
jeld-wen-holding,F1000,,no_portal
jetblue-airways,F500,https://developerqa.jetblue.com/,web_verified
jms,F500,,no_portal
johnson-and-johnson,F100,https://github.com/johnsonandjohnson,apis.yml_strong
jones-lang-lasalle,F500,https://developer.corrigo.com/,apis.yml_medium
jpmorgan-chase,F100,https://developer.jpmorgan.com/,apis.yml_strong
juniper-networks,F1000,https://developer.juniper.net/,apis.yml_strong
kaiser-aluminum,F1000,https://www.kaiseraluminum.com/kaiser-online/,apis.yml_strong
kb-home,F1000,,no_portal
kbr,F1000,,no_portal
kellanova,F500,,no_portal
kelly-services,F1000,,no_portal
kemper,F1000,,no_portal
keurig-dr-pepper,F500,https://www.kdpproductfacts.com/,apis.yml_strong
keycorp,F500,https://developer.key.com/,apis.yml_strong
keysight-technologies,F1000,,no_portal
kimberly-clark,F500,,no_portal
kinder-morgan,F500,,no_portal
kirby,F1000,,no_portal
kkr,F500,,no_portal
kla,F500,,no_portal
knife-river,F1000,https://partner.kniferiver.com,apis.yml_strong
kohls,F500,,no_portal
kontoor-brands,F1000,,no_portal
korn-ferry,F1000,https://api.kornferry.com/,web_verified
kraft-heinz,F500,,no_portal
kroger,F100,https://developer.kroger.com/,apis.yml_strong
kyndryl-holdings,F500,https://docs.kyndryl.com/,web_verified
l-brands,F500,,no_portal
l3harris-technologies,F500,,no_portal
labcorp,F500,,no_portal
lam-research,F500,,no_portal
land-olakes,F500,,no_portal
landstar-system,F1000,https://portal.landstartel.co/ns-api/,web_verified
las-vegas-sands,F500,,no_portal
lci-industries,F1000,https://api.lci1.com/,web_verified
lear,F500,,no_portal
leggett-and-platt,F1000,,no_portal
leidos,F500,,no_portal
lennar,F500,https://azu-lndscapmu01e.portal.azure-api.net/,apis.yml_strong
lennox-international,F1000,https://www.lennoxpros.com/,apis.yml_strong
levi-strauss,F1000,,no_portal
liberty-energy,F1000,,no_portal
liberty-media,F500,,no_portal
liberty-mutual-insurance,F100,https://developer.libertymutual.com/,apis.yml_medium
light-and-wonder,F1000,https://portal.lnw.com/,apis.yml_strong
lincoln-electric-holdings,F1000,,no_portal
lincoln-national,F500,https://www.mylincolnportal.com,apis.yml_strong
lithia-motors,F500,,no_portal
live-nation-entertainment,F500,https://developer.ticketmaster.com/products-and-docs/apis/discovery-api/v2/,apis.yml_medium
lkq,F500,,no_portal
lockheed-martin,F100,,no_portal
loews,F500,,no_portal
louisiana-pacific,F1000,,no_portal
lowes,F100,https://portal.apim.lowes.com/,apis.yml_strong
lpl-financial-holdings,F500,,no_portal
lululemon-athletica,F500,,no_portal
lumen-technologies,F500,https://developer.lumen.com/,apis.yml_strong
lyft,F1000,https://developer.lyft.com/docs,apis.yml_medium
m-and-t-bank,F500,,no_portal
macys,F500,https://developer.macys.com/,web_verified
manpowergroup,F500,,no_portal
marathon-oil,F1000,,no_portal
marathon-petroleum,F100,https://api.developer.marathonpetroleum.com/,web_verified
markel,F500,https://developer.markel.com/,web_verified
marriott-international,F500,https://devportalprod.marriott.com/apis,apis.yml_medium
marriott-vacations-worldwide,F1000,,no_portal
marsh-and-mclennan,F500,,no_portal
martin-marietta-materials,F1000,,no_portal
marvell-technology,F1000,,no_portal
masco,F500,,no_portal
massachusetts-mutual-life-insurance,F500,,no_portal
mastec,F500,,no_portal
masterbrand,F1000,,no_portal
mastercard,F500,https://developer.mastercard.com/,apis.yml_strong
matador-resources,F1000,,no_portal
match-group,F1000,,no_portal
mativ-holdings,F1000,,no_portal
matson,F1000,,no_portal
mattel,F1000,,no_portal
maximus,F1000,https://developer.maximus.com/docs,apis.yml_medium
mccormick,F1000,,no_portal
mcdonalds,F500,https://developer.mcdonalds.com/,apis.yml_strong
mckesson,F100,https://apiaccess.mckesson.com/apiportal-service/,web_verified
mdc-holdings,F1000,,no_portal
mdu-resources-group,F1000,,no_portal
medical-mutual-of-ohio,F1000,https://www.medmutual.com/About-Medical-Mutual/Interoperability-Information.aspx,web_verified
merck,F100,https://api.merck.com/customer-link/v1/,web_verified
mercury-general,F1000,https://developer.mercuryinsurance.com/,web_verified
meritage-homes,F1000,,no_portal
meta-platforms,F100,https://developers.meta.com/,web_verified
metlife,F100,https://emea.developer.metlife.com/,web_verified
mettler-toledo-international,F1000,,no_portal
mgm-resorts-international,F500,,no_portal
mi-homes,F1000,,no_portal
microchip-technology,F500,https://developerhelp.microchip.com/,web_verified
micron-technology,F500,,no_portal
microsoft,F100,https://developer.microsoft.com/,apis.yml_strong
middleby,F1000,,no_portal
millerknoll,F1000,,no_portal
mks-instruments,F1000,,no_portal
moderna,F1000,,no_portal
modivcare,F1000,,no_portal
mohawk-industries,F500,,no_portal
molina-healthcare,F500,,no_portal
molson-coors-beverage,F500,,no_portal
mondelez,F500,,no_portal
monster-beverage,F500,,no_portal
moodys,F1000,https://www.kompany.com/,apis.yml_strong
moog,F1000,,no_portal
morgan-stanley,F100,https://developer.morganstanley.com/,apis.yml_medium
mosaic,F500,,no_portal
motorola-solutions,F500,https://developer.motorolasolutions.com/,apis.yml_medium
mrc-global,F1000,,no_portal
msc-industrial-direct,F1000,,no_portal
msci,F1000,https://developer.msci.com,web_verified
mueller-industries,F1000,,no_portal
murphy-oil,F1000,,no_portal
murphy-usa,F500,,no_portal
mutual-of-omaha,F500,,no_portal
myr-group,F1000,,no_portal
nasdaq,F1000,https://data.nasdaq.com,web_verified
nationwide,F100,https://developer.nationwide.com,web_verified
navient,F1000,,no_portal
ncr,F1000,https://developer.ncrvoyix.com/,apis.yml_strong
netapp,F1000,https://devnet.netapp.com/,apis.yml_strong
netflix,F500,,no_portal
neuehealth,F1000,https://neuehealth.com/partners/portal,apis.yml_strong
new-york-community-bancorp,F500,,no_portal
new-york-life-insurance,F100,,no_portal
newell-brands,F500,,no_portal
newmarket,F1000,,no_portal
newmont,F500,,no_portal
news-corp,F500,,no_portal
nexstar-media-group,F1000,,no_portal
nextera-energy,F500,https://developer.dev.nexteraenergy.com/,web_verified
ngl-energy-partners,F500,https://www.nglenergypartners.com/crude-oil-logistics/,apis.yml_strong
nike,F100,https://developer.nike.com/,apis.yml_medium
nisource,F1000,,no_portal
nlv-financial,F1000,,no_portal
nordson,F1000,https://developer.nordson.com/docs,apis.yml_medium
nordstrom,F500,,no_portal
norfolk-southern,F500,https://developer.nscorp.com/,apis.yml_strong
northern-trust,F500,https://developer.ntrs.com/,apis.yml_strong
northrop-grumman,F500,,no_portal
northwestern-mutual,F500,,no_portal
nov,F500,,no_portal
nrg-energy,F500,https://docs.nrg.com/,web_verified
nucor,F500,,no_portal
nvidia,F100,https://developer.nvidia.com/,apis.yml_medium
nvr,F500,,no_portal
occidental-petroleum,F500,,no_portal
odp,F500,,no_portal
oge-energy,F1000,,no_portal
old-dominion-freight-line,F1000,https://www.odfl.com/us/en/resources/shipping-api-integrations.html,web_verified
old-national-bancorp,F1000,,no_portal
old-republic-international,F500,,no_portal
olin,F1000,,no_portal
omnicom-group,F500,,no_portal
on-semiconductor,F500,,no_portal
onemain-holdings,F1000,,no_portal
oneok,F500,https://developers.magellanlp.com,web_verified
opendoor-technologies,F1000,https://opendoor.docs.apiary.io/,web_verified
option-care-health,F1000,,no_portal
oracle,F100,https://developer.oracle.com,apis.yml_strong
oreilly-automotive,F500,https://integrations.oreillypro.com/,web_verified
organon,F1000,https://www.organonpro.com,apis.yml_strong
oscar-health,F1000,https://www.hioscar.com/cms_patient_access_developer_page,web_verified
oshkosh,F500,,no_portal
otis-worldwide,F500,https://developers.otis.com/,web_verified
ovintiv,F500,,no_portal
owens-and-minor,F500,,no_portal
owens-corning,F500,,no_portal
owens-illinois,F500,,no_portal
paccar,F500,https://www.daf.com/en/products-and-services/daf-services/connected-services/paccar-connect-partners,web_verified
pacific-life,F500,,no_portal
packaging-corp-of-america,F500,,no_portal
pacs-group,F1000,,no_portal
palo-alto-networks,F1000,https://pan.dev/,apis.yml_strong
par-pacific,F500,,no_portal
paramount-global,F500,,no_portal
park-hotels-and-resorts,F1000,,no_portal
parker-hannifin,F500,https://developer.parker.com,web_verified
parsons,F1000,https://developer.parsons.com/docs,apis.yml_medium
patrick-industries,F1000,https://developer.patrickind.com/docs,apis.yml_medium
patterson,F1000,,no_portal
patterson-uti-energy,F1000,,no_portal
paychex,F1000,https://developer.paychex.com/,apis.yml_strong
paypal,F500,https://developer.paypal.com,apis.yml_strong
pbf-energy,F500,,no_portal
pc-connection,F1000,,no_portal
peabody-energy,F1000,,no_portal
peloton-interactive,F1000,,no_portal
penn-entertainment,F1000,,no_portal
penn-mutual-life-insurance,F1000,,no_portal
pennymac-financial-services,F1000,https://pfsi.pennymac.com,apis.yml_strong
penske-automotive,F500,,no_portal
pepsico,F100,https://docs.sen.ite.pepsico.com/,web_verified
performance-food,F100,,no_portal
permian-resources,F1000,,no_portal
petco,F1000,https://developer.petco.com/docs,apis.yml_medium
peter-kiewit-sons,F500,https://api-portal.kiewit.com/,web_verified
pfizer,F100,,no_portal
pg-and-e,F500,https://sharemydata.pge.com/,web_verified
philip-morris,F500,,no_portal
phillips-66,F100,,no_portal
pinnacle-west-capital,F1000,,no_portal
pinterest,F1000,https://developers.pinterest.com/,apis.yml_strong
pioneer-natural-resources,F500,,no_portal
pitney-bowes,F1000,https://docs.shippingapi.pitneybowes.com/api/post-oauth-token.html,apis.yml_medium
plains-gp,F100,,no_portal
playtika-holding,F1000,,no_portal
plexus,F1000,https://www.plexus.com/en-us/customer-portal,apis.yml_strong
pnc-financial-services-group,F500,https://developer.pnc.com/,web_verified
polaris,F500,,no_portal
polyone,F1000,,no_portal
pool,F1000,,no_portal
popular,F1000,,no_portal
portland-general-electric,F1000,https://developer.portlandgeneral.com/docs,apis.yml_medium
post,F1000,,no_portal
ppg-industries,F500,https://api-portal-test.ppg.com/,web_verified
ppl,F500,,no_portal
pricesmart,F1000,,no_portal
primerica,F1000,https://developer.primerica.com/docs,apis.yml_medium
primoris-services,F1000,,no_portal
principal-financial,F500,https://portal.developer.principal.com/,web_verified
procter-and-gamble,F100,https://developer.pg.com/,apis.yml_strong
profrac-holding,F1000,,no_portal
progressive,F100,https://developer.progressive.com/s/,apis.yml_strong
prologis,F500,,no_portal
prudential-financial,F100,https://developers.prudential.com/,apis.yml_medium
public-service-enterprise,F500,,no_portal
public-storage,F1000,,no_portal
publix-super-markets,F100,,no_portal
puget-energy,F1000,,no_portal
pultegroup,F500,,no_portal
pure-storage,F1000,https://code.purestorage.com,apis.yml_strong
pvh,F500,,no_portal
qorvo,F1000,,no_portal
quad-graphics,F1000,,no_portal
qualcomm,F500,https://developer.qualcomm.com/,apis.yml_medium
quanta-services,F500,,no_portal
quest-diagnostics,F500,https://api.questdiagnostics.com/,web_verified
quidelortho,F1000,https://www.myquidel.com/,apis.yml_strong
qurate-retail,F500,,no_portal
rackspace-technology,F1000,https://docs.rackspace.com/,web_verified
radius,F1000,https://docs.radapp.io/reference/api/applications.core/,apis.yml_medium
ralph-lauren,F1000,,no_portal
range-resources,F1000,,no_portal
raymond-james-financial,F500,https://clientaccess.rjf.com/,apis.yml_strong
realogy-holdings,F1000,https://developers.anywhere.re/,web_verified
realty-income,F1000,,no_portal
regal-rexnord,F1000,https://developer.regalrexnord.com/docs,apis.yml_medium
regeneron-pharmaceuticals,F500,,no_portal
regions-financial,F500,,no_portal
reinsurance-group-of-america,F500,,no_portal
reliance,F500,,no_portal
republic-services,F500,https://myaccount.republicservices.com,apis.yml_strong
resideo-technologies,F1000,https://developer.resideo.com/,web_verified
resmed,F1000,,no_portal
rev-group,F1000,,no_portal
revvity,F1000,https://revvitysignals.com/revvity-signals-developer-guide-rest-api,web_verified
rfid,F1000,https://developer.zebra.com/products/rfid,apis.yml_medium
rh,F1000,,no_portal
rite-aid,F500,https://raportal.riteaid.com/,apis.yml_strong
rithm-capital,F1000,,no_portal
rivian-automotive,F1000,,no_portal
robert-half-international,F1000,,no_portal
roblox-engine-api,F1000,https://create.roblox.com,apis.yml_strong
rocket-companies,F1000,https://developers.mortgageapi.rocket.mortgage/,web_verified
rockwell-automation,F500,https://developers.plex.com/docs,apis.yml_strong
roku,F1000,https://developer.roku.com,apis.yml_strong
rollins,F1000,https://developer.rollins.com/docs,apis.yml_medium
roper-technologies,F1000,https://developers.deltek.com/,apis.yml_medium
ross-stores,F500,https://partners.rossstores.com/,apis.yml_strong
rpm-international,F500,,no_portal
rtx,F100,,no_portal
rush-enterprises,F500,,no_portal
rxo,F1000,https://developer.rxo.com/,web_verified
ryder-system,F500,https://developer.ryder.com,apis.yml_strong
ryerson-holding,F1000,,no_portal
s-and-p-global,F500,https://developer.spglobal.com/,apis.yml_medium
sabre,F1000,https://developer.sabre.com/,apis.yml_strong
saia,F1000,https://developer.saia.com/docs,apis.yml_medium
salesforce,F500,https://developer.salesforce.com/,apis.yml_strong
sally-beauty-holdings,F1000,,no_portal
sanmina,F500,,no_portal
sba-communications,F1000,,no_portal
scansource,F1000,https://partnerportal.scansource.com,apis.yml_strong
schneider-national,F1000,https://portal.api.schneider.com/,web_verified
science-applications-international,F500,,no_portal
scotts-miracle-gro,F1000,,no_portal
seaboard,F500,,no_portal
sealed-air,F1000,https://uat-developer.sealedair.com/,web_verified
securian-financial-group,F500,,no_portal
select-medical-holdings,F1000,,no_portal
selective-insurance-group,F1000,,no_portal
sempra,F500,,no_portal
sentry-insurance-group,F1000,,no_portal
service-corp-international,F1000,,no_portal
servicenow,F500,https://developer.servicenow.com,apis.yml_strong
sherwin-williams,F500,https://suppliers.sherwin-williams.com/,apis.yml_strong
shift4-payments,F1000,https://dev.shift4.com,apis.yml_strong
silgan-holdings,F1000,,no_portal
simon-property-group,F1000,https://business.simon.com,apis.yml_strong
sinclair,F1000,,no_portal
siteone-landscape-supply,F1000,,no_portal
skechers-usa,F500,https://www.skechers.com/partners,apis.yml_strong
skyline-champion,F1000,https://developer.skylinechampion.com/docs,apis.yml_medium
skywest,F1000,,no_portal
skyworks-solutions,F1000,,no_portal
slm,F1000,,no_portal
snap-on,F1000,,no_portal
snapchat,F1000,https://developers.snap.com,apis.yml_strong
snowflake,F1000,https://www.snowflake.com/en/developers/,apis.yml_strong
sonic-automotive,F500,https://www.echopark.com,apis.yml_strong
sonoco-products,F1000,https://www.sonoco.com/na/products,apis.yml_strong
southern,F500,,no_portal
southwest-airlines,F500,,no_portal
southwest-gas,F1000,https://myaccount.swgas.com/,apis.yml_strong
southwestern-energy,F1000,,no_portal
spartannash,F500,,no_portal
spectrum-brands,F1000,,no_portal
spire,F1000,,no_portal
spirit-aerosystems-holdings,F1000,,no_portal
spirit-airlines,F1000,,no_portal
splunk,F1000,https://dev.splunk.com/,apis.yml_strong
sprouts-farmers-market,F1000,,no_portal
ss-and-c-technologies,F1000,https://developer.ssctech.com/,web_verified
stagwell,F1000,,no_portal
stanley-black-and-decker,F500,https://developer.stanley.com/,apis.yml_strong
starbucks,F500,https://developer.starbucks.com/,apis.yml_strong
state-farm-insurance,F100,https://developer.statefarm.com,apis.yml_strong
state-street,F500,https://developer.statestreet.com,apis.yml_strong
steel-dynamics,F500,,no_portal
steelcase,F1000,,no_portal
stericycle,F1000,https://www.mystericycle.com,apis.yml_strong
stifel-financial,F1000,https://www.openbankingtracker.com/provider/stifel-bank-personal/apis,apis.yml_medium
stonex-group,F100,https://developer.stonex.com/,web_verified
stryker,F500,,no_portal
summit-materials,F1000,,no_portal
sun-communities,F1000,,no_portal
super-micro-computer,F500,https://www.supermicro.com/en/solutions/management-software,apis.yml_strong
surgery-partners,F1000,,no_portal
swift-transportation,F500,https://www.knighttrans.com/shipping/,apis.yml_strong
sylvamo,F1000,,no_portal
synchrony-financial,F500,https://developer.syf.com/,apis.yml_strong
synopsys,F1000,https://polaris.synopsys.com/developer/,apis.yml_strong
synovus-financial,F1000,https://developer.synovus.com/docs,apis.yml_medium
sysco,F100,https://apic-devportal.sysco.com/,apis.yml_strong
t-rowe-price,F1000,https://www.troweprice.com/institutional/us/en/lp/client-portal.html,apis.yml_strong
take-two-interactive-software,F1000,,no_portal
talen-energy,F1000,,no_portal
tapestry,F1000,https://developer.tapestry.com/docs,apis.yml_medium
targa-resources,F500,,no_portal
target,F100,https://developer.target.com/,apis.yml_strong
taylor-morrison-home,F500,,no_portal
td-synnex,F100,https://www.tdsynnex.com/ion/api/,apis.yml_strong
tegna,F1000,,no_portal
teladoc-health,F1000,https://api-documentation.teladochealth.com/,web_verified
teledyne-technologies,F1000,https://www.flir.com/developer/mobile-sdk/,apis.yml_strong
teleflex,F1000,,no_portal
telephone-and-data-systems,F1000,,no_portal
tempur-sealy-international,F1000,https://www.tempurpedic.com/retailers/,apis.yml_strong
tenet-healthcare,F500,,no_portal
teradyne,F1000,,no_portal
terex,F1000,https://my.terex.com,apis.yml_strong
tesla,F100,https://developer.tesla.com/,apis.yml_strong
tetra-tech,F1000,,no_portal
texas-instruments,F500,https://api-portal.ti.com/,apis.yml_strong
texas-roadhouse,F1000,,no_portal
textron,F500,,no_portal
thermo-fisher-scientific,F500,https://www.thermofisher.com/blog/connectedlab/platform-for-science-developer-portal-beta/,web_verified
thor-industries,F500,,no_portal
thrivent-financial-for-lutherans,F500,,no_portal
tiaa,F100,https://developer.tiaa.org,apis.yml_strong
timken,F1000,,no_portal
titan-machinery,F1000,,no_portal
tjx,F100,https://www.mytjx.com/mytjx/supplier.html,apis.yml_strong
toast,F1000,https://doc.toasttab.com/openapi/,apis.yml_strong
toll-brothers,F500,,no_portal
topbuild,F1000,,no_portal
topgolf-callaway-brands,F1000,,no_portal
toro,F1000,,no_portal
tractor-supply,F500,https://vtp.tractorsupply.com,apis.yml_strong
transdigm,F1000,,no_portal
transunion,F1000,https://techservices.transunion.com/doc-repository,web_verified
travelers,F500,https://developer.travelers.com/s/,apis.yml_strong
treehouse-foods,F1000,,no_portal
tri-pointe-homes,F1000,,no_portal
trimble,F1000,https://www.trimble.com/en/developer/docs,apis.yml_strong
trinet-group,F1000,https://apidocs.trinet.com/home,apis.yml_strong
trinity-industries,F1000,,no_portal
truist-financial,F500,https://developer.truist.com/,apis.yml_strong
tutor-perini,F1000,,no_portal
twilio,F1000,https://console.twilio.com,apis.yml_strong
tyson-foods,F100,https://www.tysonfoods.com/business-solutions/trading-partner,apis.yml_strong
uber,F500,https://developer.uber.com/docs/riders/references/api,apis.yml_medium
ugi,F500,,no_portal
ul-solutions,F1000,https://my.ul.com,apis.yml_strong
ulta-beauty,F500,,no_portal
under-armour,F1000,https://developer.mapmyfitness.com/,apis.yml_strong
union-pacific,F500,https://www.up.com/customers/all/api-developer/,web_verified
united-airlines,F100,https://united.business/NDC-corporate,apis.yml_strong
united-natural-foods,F500,https://suppliers.unfi.com,apis.yml_strong
united-rentals,F500,,no_portal
united-states-steel,F500,https://www.ussteel.com/customers/solutions,apis.yml_strong
unitedhealth,F100,https://www.uhc.com/legal/interoperability-apis,web_verified
universal,F1000,,no_portal
universal-forest-products,F500,,no_portal
universal-health-services,F500,,no_portal
univision-communications,F1000,,no_portal
unum,F500,https://developer.unum.com/s/,apis.yml_strong
upbound,F1000,,no_portal
ups,F100,https://developer.ups.com,apis.yml_strong
urban-outfitters,F1000,https://www.urbanoutfitters.com/help/affiliate,apis.yml_strong
us-bancorp,F500,https://developer.usbank.com/,apis.yml_strong
us-foods,F500,,no_portal
usaa,F500,,no_portal
v2x,F1000,,no_portal
vail-resorts,F1000,,no_portal
valero-energy,F100,,no_portal
valley-national-bancorp,F1000,,no_portal
valmont-industries,F1000,https://apivalley.valmont.com/,apis.yml_strong
valvoline,F1000,,no_portal
ventas,F1000,,no_portal
verisk,F1000,https://gateway-documentation.verisk.com/,apis.yml_strong
verizon-communications,F100,https://developers.verizon.com/,apis.yml_strong
vertex-energy,F1000,,no_portal
vertex-pharmaceuticals,F500,https://clinicaltrials.vrtx.com/,apis.yml_strong
vertiv,F1000,,no_portal
vf,F500,https://www.vfc.com/brands,apis.yml_strong
viasat,F1000,https://developer.viasat.com/,web_verified
viatris,F500,https://www.viatris.com/en/products/api,apis.yml_strong
vici-properties,F1000,,no_portal
visa,F500,https://developer.visa.com/capabilities/vdp-pilot-program/docs,apis.yml_medium
vishay-intertechnology,F1000,https://nexar.com/api,apis.yml_medium
vista-outdoor,F1000,,no_portal
visteon,F1000,https://developer.visteon.com/phoenix/,apis.yml_strong
vistra,F500,https://devportal.vistra.com/,apis.yml_strong
vontier,F1000,,no_portal
voya-financial,F500,,no_portal
vulcan-materials,F500,,no_portal
wabash-national,F1000,,no_portal
walgreens-boots-alliance,F100,https://developer.walgreens.com,apis.yml_strong
walmart,F100,https://developer.walmart.com/,apis.yml_strong
walt-disney,F100,https://disneyapi.dev/,apis.yml_strong
warner-bros-discovery,F500,https://partnerhub.warnermedia.com/,apis.yml_strong
warner-music-group,F1000,https://www.wmgmusiclicensing.com/,apis.yml_strong
waste-management,F500,https://api.wm.com/,apis.yml_strong
waters,F1000,https://developer.waters.com/docs,apis.yml_medium
watsco,F500,https://www.watsco.com/business-units/,apis.yml_strong
wayfair,F500,https://developer.wayfair.com/docs/,apis.yml_strong
webster-financial,F1000,,no_portal
wec-energy,F500,https://www.we-energies.com/,apis.yml_strong
weis-markets,F1000,https://weismarkets.streamcollab.com/,apis.yml_strong
wells-fargo,F100,https://developer.wellsfargo.com,apis.yml_strong
welltower,F1000,,no_portal
werner-enterprises,F1000,https://www.wernerbridge.com/,apis.yml_strong
wesco-international,F500,https://apideveloper.wesco.com/s/,apis.yml_strong
west,F1000,https://www.westcx.com,apis.yml_strong
western-alliance-bancorp,F1000,https://developer.westernalliancebank.com/,web_verified
western-and-southern-financial-group,F500,https://www.westernsouthern.com/wslife/log-in,apis.yml_strong
western-digital,F500,https://developer.westerndigital.com,apis.yml_strong
western-midstream-partners,F1000,,no_portal
western-union,F1000,https://developer.westernunion.com,apis.yml_strong
westinghouse-air-brake-technologies,F500,https://one.wabtec.com,apis.yml_strong
westlake,F500,https://www.westlake.com/products,apis.yml_strong
westrock,F500,https://www.westrock.com/company/supplier-resources,apis.yml_strong
wex,F1000,https://developer.wexinc.com/,web_verified
weyerhaeuser,F500,https://apimportal.weyerhaeuser.com/,apis.yml_strong
whirlpool,F500,https://developer-latam.whirlpool.com,apis.yml_strong
whiting-petroleum,F1000,,no_portal
williams,F500,https://www.williams.com,apis.yml_strong
williams-sonoma,F500,http://developer.williams-sonomainc.com/,web_verified
winnebago-industries,F1000,,no_portal
wintrust-financial,F1000,https://developer.wintrust.com/docs,apis.yml_medium
woodward,F1000,,no_portal
workday,F500,https://community.workday.com/api,apis.yml_medium
world-kinect,F100,,no_portal
worthington-industries,F1000,https://shareholder.broadridge.com/wor/,apis.yml_strong
wr-berkley,F500,https://myberkley.berkleysig.com/,apis.yml_strong
wyndham-worldwide,F1000,,no_portal
wynn-resorts,F1000,,no_portal
xcel-energy,F500,https://developer-apim.aws.xcelenergy.com/,apis.yml_strong
xerox,F1000,https://developers.xerox-solutions.net,apis.yml_strong
xpo,F500,https://developers.ltl-xpo.com/,web_verified
xylem,F500,https://apis.xylem.com/,web_verified
yum-brands,F1000,https://www.yum.com/wps/portal/yumbrands/Yumbrands/bytebyyum,apis.yml_strong
yum-china,F500,,no_portal
zimmer-biomet,F500,,no_portal
zions-bancorp,F1000,https://treasurygateway.zionsbank.com/,apis.yml_strong
zoetis,F500,,no_portal
zoom,F1000,https://developers.zoom.us/,apis.yml_strong
